username,password,pooblastilo
sgalea0,wXNoal,zdravnik
cjelly1,OvwubEBH71,zdravnik
ncrowcher2,aDV83T910Lmb,raziskovalec
kreadie3,zYaQiDqzycTU,zdravnik
mposchel4,qekOhV2oszF,zdravnik
kdrohan5,7T9t7JFVR,zdravnik
kmerryman6,4Wf68ZWB1kd,zdravnik
challoway7,wdXCJn4s9,raziskovalec
canstey8,19pnhlCI4lH,raziskovalec
wgenders9,KKRZhTlHLTZ3,zdravnik
rtrevaina,QrlZM8U,zdravnik
fnestorukb,u3Z0pgX,zdravnik
dwhittersc,Q5s6AizIJDKZ,raziskovalec
ctommisd,JhVPnH52,raziskovalec
ttilforde,2ZLrii6fYi3X,zdravnik
tdavydochf,TdiYL9H,zdravnik
aailmerg,neUQfHDWQ,zdravnik
rdollarh,7t6rIU,raziskovalec
nrittmeyeri,R1NBaaTAn8W,zdravnik
bdineenj,qz8dZTUBVK,raziskovalec
fcarbonellk,nClntXBb,zdravnik
tbodicaml,gdklm1Mb,raziskovalec
cgallawaym,I3YYv4boW,zdravnik
slaphamn,jmxcyHQ,zdravnik
dsandbatcho,w1gRtLM,zdravnik
vcleynmanp,Br1hPRLObJoM,zdravnik
gholwellq,hgAAmf3DKH2,zdravnik
anickersonr,C1WKEcqikV2,zdravnik
apettss,cH6DFG,zdravnik
lhastewellt,6NjiHO,raziskovalec
ichipperfieldu,oILaBjCia,raziskovalec
xdabrowskiv,9xtsxCb,zdravnik
rbonnavantw,OF5Xap,zdravnik
oeusdenx,J8R8rnhBaj2,zdravnik
hfranzeny,7qEF2C,raziskovalec
enetherwoodz,GjxveR9f,raziskovalec
abazley10,cs5CBxz2cM6,zdravnik
mbrabyn11,bSpJxVEUk,zdravnik
bclampin12,cYL8F4NUKy,zdravnik
emattiato13,dnk6yiBSLiz,zdravnik
dpenhalewick14,Gv98AfRUgTHy,zdravnik
nbaughan15,WdZPDj2xZtv,zdravnik
gwhorlow16,uc2aDLU,zdravnik
dmellmoth17,lG1yzlh,zdravnik
tiveson18,uuTI5qvb,zdravnik
daluard19,5SqZDsbN,zdravnik
ebeston1a,GzZRrxCQ,raziskovalec
wbruckshaw1b,1N3ZOp1jX6,raziskovalec
shinkley1c,kWKRTedRm,zdravnik
bpoundsford1d,5ozo1x8DP,zdravnik
lbotly1e,0bkQg9,zdravnik
ldesaur1f,bWHDUsp,zdravnik
jwhitehall1g,U2GWdS,zdravnik
lvelasquez1h,nkkMdOSKPV,raziskovalec
jstrothers1i,qP6rZpzwOkd,zdravnik
hbrick1j,rcF14Kw,zdravnik
rvernazza1k,whAb7k,zdravnik
aninnotti1l,9q4x36WJ86LY,zdravnik
jwind1m,jHjvx5j0,zdravnik
ibream1n,LTB4B37,raziskovalec
pjadczak1o,SnSSDfT7UL,zdravnik
ohewertson1p,HNKikGQQ8,zdravnik
sbenaharon1q,ZiKZIf6gN,zdravnik
bmessiter1r,iKmKMPS,zdravnik
btuddenham1s,d7jwIDqW,zdravnik
lglanister1t,IeHJiHapvR,zdravnik
pattoe1u,uXtLae,zdravnik
bjaffray1v,3f49d2,zdravnik
aamor1w,N0wcT8s,zdravnik
cplaxton1x,lgC3ypDOt90,zdravnik
kharold1y,VuCdgV2,zdravnik
rknottley1z,2zdsfvEO,zdravnik
bdocket20,2wuMoocJ,zdravnik
lsculley21,tZcyiR4VdBhV,raziskovalec
giacavone22,DrRyW6,raziskovalec
cloveredge23,ak7RJRQd6cu,zdravnik
anisbet24,yryUBp,zdravnik
tgrewe25,MpsLWproh0tV,zdravnik
obreming26,9jTLBTSricCN,zdravnik
fmacdonagh27,8hE1nmZn,zdravnik
cprier28,kGb25S,zdravnik
fduquesnay29,srUEtU,zdravnik
edoumenc2a,ZmHnEUrf,zdravnik
pheitz2b,dgjxoaO,raziskovalec
fmatcham2c,YkatOje6R8pB,direktor
mbosson2d,k6mVQBaWXICa,raziskovalec
yapplin2e,ggzeicVnZ1,raziskovalec
bshowler2f,peFaBTfR,zdravnik
hthicking2g,m7EbSBYW,zdravnik
awillcott2h,m5QJgPIFEVZi,zdravnik
lrosen2i,fVwhaSlIwAiy,zdravnik
rizkovici2j,u9xVE7OV,zdravnik
cpattle2k,Pmnd0r,zdravnik
sclist2l,AKmlzpZ1,zdravnik
mrowlstone2m,ionHDygx,zdravnik
rlackham2n,Sg4n0R,zdravnik
cproffer2o,lOl3gqd,zdravnik
afilisov2p,fsN7CTyM5J,zdravnik
lhalversen2q,LjdLdhNtx6o,zdravnik
bhamsley2r,2fe34BnByeZv,zdravnik
cbendtsen2s,PajZVIcL,raziskovalec
jbretelle2t,gPTWkGK,raziskovalec
ahuggard2u,ploYCx,zdravnik
fpiche2v,lRcDTO6JJ,direktor
kinworth2w,y41Ggy,raziskovalec
ebenardeau2x,kJBN3X,zdravnik
clebosse2y,fTPvpJU,zdravnik
kangliss2z,z8DwG8CIRexg,direktor
mmaytom30,nCTlJfw,zdravnik
cmarlowe31,RofTo0uhh,zdravnik
mscutchings32,7slTEJdE,zdravnik
csteptowe33,uL4xQZ,zdravnik
smeininger34,efLzJnCkxMSt,zdravnik
sellwell35,Tg1BEpe,zdravnik
inapoleon36,9zIC3ZkQ,zdravnik
jmacascaidh37,m5mzUj8tJw,zdravnik
sgately38,hjPsLZ,zdravnik
gleyden39,QfRriL,zdravnik
hhowie3a,glPQ9b2ZAeQ,zdravnik
dchalfant3b,1HALhH7e9,zdravnik
bdeeprose3c,PU6bcRK0mth,zdravnik
vdumbrall3d,EgGSnwnUJza,raziskovalec
ldunge3e,qtD8OkM,zdravnik
kdeambrosis3f,xh0RsCT2SftO,zdravnik
lnelius3g,LLvqLozIC,zdravnik
gizaks3h,HRFUWTltM2A4,zdravnik
nwotton3i,X2D9Xz7,zdravnik
mjanuszkiewicz3j,JO6LZz,zdravnik
dshurrocks3k,Un60voB0s,zdravnik
mmatchitt3l,WoBu4Oqj8Wc,raziskovalec
ggrealy3m,N860s6U8d,zdravnik
gsherwyn3n,zLrMlmN,raziskovalec
sdenny3o,6ZY8b0,zdravnik
gblaycock3p,lAYheuRHoBwW,zdravnik
gharrod3q,5yXLtM9,zdravnik
dkingcote3r,vny8k2U,zdravnik
bbodham3s,gu83s4,zdravnik
ipickover3t,ThwFYhnu5,zdravnik
aridgers3u,2EsG8WW,zdravnik
biacovo3v,utjzVsxS7IH,raziskovalec
npull3w,9OlU706QZxAC,zdravnik
mbuggy3x,d49U88w,raziskovalec
pstoaks3y,7Xr8qF3,zdravnik
eedeler3z,TWDdcCVAyLJ4,zdravnik
htweddle40,nNGUU3tiG,zdravnik
cgalbraeth41,pBFQiIFut,raziskovalec
emichele42,22pkL0PWd,direktor
ecruces43,Rvw0axTzZ7,raziskovalec
jkorlat44,Nf5eXScx,direktor
kpaulet45,Vz7FCJ0,zdravnik
bmistry46,pyUB1iTIWS,zdravnik
dthal47,UR8LI3VMqKLL,zdravnik
ggirodias48,M9lf2snk6,zdravnik
awardingly49,xOtjxzfbNQ1,zdravnik
tnibley4a,9q1fttVmFhOF,zdravnik
tkeohane4b,6hEEGd,zdravnik
kharnetty4c,ajBQbu,zdravnik
ldewhirst4d,4GFixyMF,zdravnik
arobard4e,fgq0GfWAYMRa,zdravnik
wbrevitt4f,y5y52lEcECPR,raziskovalec
nadelsberg4g,5JJERBlW,raziskovalec
ecastagnaro4h,mKDN5d2,raziskovalec
cstonner4i,HrEtt4nxXaix,raziskovalec
srustedge4j,0CmUKmFzQXu,zdravnik
bmacfarlan4k,LQk8IvVqG,raziskovalec
hmourge4l,DBvaZXSx9,zdravnik
dchinge4m,SqL2stdU,zdravnik
smaling4n,IiSbXMlgz4g5,raziskovalec
rpedreschi4o,hv7w1bQWOx,zdravnik
bcasassa4p,KdF4fmWOHlGd,raziskovalec
ealpe4q,B05ud4wf,zdravnik
sverna4r,Ugy43KF,zdravnik
btavernor4s,n64VxgOqZkd,zdravnik
nlaidel4t,jEXbx4e,zdravnik
bshillitto4u,TwS1PLv,zdravnik
hcooch4v,TLfdm2XKGG,zdravnik
jwheaton4w,dJRWwVzux,raziskovalec
astreatley4x,jWT062zrqNw,direktor
cskipsea4y,qAqwoczN,zdravnik
sbestman4z,bvNc9QpnmMtE,raziskovalec
lfinnie50,ve0mqIt,zdravnik
rsatterlee51,EtC3XCm,zdravnik
bdubois52,ZDzTJF7y2lR5,zdravnik
cgreaterex53,m4zzXWyK4m2X,raziskovalec
dscogin54,PB7kpk,zdravnik
mpash55,87RcITz,zdravnik
coloshkin56,qb4WDkcde,raziskovalec
dverma57,m4OyKO6tbNX,zdravnik
glere58,25p2II0ht7h,zdravnik
lmartyntsev59,n1SKa5iWamI,zdravnik
qhamblin5a,swLqwWl,raziskovalec
mdarrow5b,4itGWpKNlY,raziskovalec
bprinne5c,1f2NsZd,zdravnik
dcrisp5d,OLQKUHnzi,raziskovalec
dwigelsworth5e,5Qqdnh,zdravnik
nmiguel5f,8eZ37q,zdravnik
dblaxland5g,sOWloam8sG,zdravnik
nhucklesby5h,9rh5XpH,zdravnik
lhearse5i,lbfEDb,direktor
ebiagi5j,wkmUhWEel5,zdravnik
dwiddecombe5k,zSVj6Oeb,zdravnik
smccaskill5l,CBl9UQNmt6h,zdravnik
mpeyes5m,uDKvsh029At,zdravnik
cfrankish5n,b2QFL0CD,raziskovalec
jhousbie5o,GwOonqWolPX8,zdravnik
cspilling5p,JabKVR,zdravnik
wcarville5q,kmKtgLhS5,zdravnik
cdaulby5r,Z78ZghR7P,zdravnik
rballingal5s,1XAXSfjvlV,raziskovalec
dmurkin5t,iMSU2nEoEw,direktor
tcockarill5u,m4jwtJ,zdravnik
ctanswell5v,DGouMbvaV,zdravnik
jtomblings5w,COO4yFx6wnw,zdravnik
sholston5x,RzZIGRk,zdravnik
smarlor5y,NZRTRV,zdravnik
cgoodbarr5z,MThK5TrSX5K,zdravnik
jeveral60,jHP5tZg,zdravnik
mcrips61,ncTNP19cAJ,zdravnik
nellins62,UxDm2S3Lsdb,zdravnik
pnice63,6YEbbUi,raziskovalec
jrawcliffe64,9XvFnyadF3Xu,zdravnik
jkenrat65,oZWW4eh5z,zdravnik
kbenian66,Fn1GKb4,raziskovalec
cbox67,Kr47Wetuy,raziskovalec
gmansfield68,OtrcBNijt2W,zdravnik
dvinten69,NAYhbOHYqHL,zdravnik
dbarhem6a,kVuIHt3nvL,zdravnik
rcoare6b,s265zVgNLII,raziskovalec
aalbin6c,gdLwbF4,raziskovalec
djirsa6d,q5bn7lu8HIz1,zdravnik
mgentry6e,mSrI5oAmumb,zdravnik
ablankenship6f,lO6LC5R,zdravnik
jmarval6g,BFDdcRNu,zdravnik
tbentzen6h,q7uaXVpXar,zdravnik
kbartunek6i,I7rArZ6i,zdravnik
blage6j,16VDMBd,zdravnik
ctuff6k,UtEx1qcw2gT,zdravnik
lstanworth6l,uPG8ojAupIR,zdravnik
bmcrorie6m,HH6f8ivuv,zdravnik
ewalls6n,KMkxS3LdB,zdravnik
gdifrancecshi6o,aPefRGD,zdravnik
tholt6p,rPIyWUQeVA65,zdravnik
esockell6q,P9iExPtgBqp7,zdravnik
dhalegarth6r,mn3p6V6,zdravnik
sbysouth6s,Mk7saI,raziskovalec
jwaything6t,vT1KKttR8tWC,direktor
bliddiatt6u,Ig7HfV5oOqau,zdravnik
ccarruthers6v,mOWgRJcwKbC,zdravnik
gbickerstaffe6w,hDyNCp,zdravnik
kgotling6x,nfLDJcsw,zdravnik
