ime,priimek,rojstvo
Fanni,Waplinton,1973-08-28
Giacomo,Calendar,1984-01-21
Amie,Vasilyev,1963-10-27
Pete,Betjeman,1953-05-25
Antonietta,Blasiak,1982-08-17
Lolita,Truwert,1968-04-07
Pansy,Squelch,1964-09-04
Nanine,Boddam,1954-10-27
Jillie,Jiru,1960-01-07
Blythe,Eede,1976-10-27
Karolina,Jirusek,1973-09-12
Saundra,Surmeyers,1984-05-27
Orella,McNuff,1955-04-15
Merrilee,Saffell,1969-11-15
Quintana,Broy,1968-06-03
Luca,Ravenscroft,1968-03-13
Willi,Fleet,1956-04-16
Lena,Spellecy,1972-04-04
Stepha,Beddall,1959-03-23
Cymbre,Chazelas,1950-08-30
Buddy,Moles,1985-10-23
Symon,Canadine,1957-11-05
Linn,Themann,1966-02-15
Donnajean,Luetkemeyer,1974-12-02
Clarinda,Clow,1960-04-12
Baxter,Newick,1981-05-12
Micheline,Yo,1986-12-15
Felicio,Levison,1979-06-12
Allianora,Chellam,1962-05-26
Ingaborg,Crockley,1970-09-25
Stevena,Hubbock,1956-05-30
Coralyn,Hearsum,1953-10-21
Cris,Naton,1973-05-21
Lissa,Amey,1979-01-03
Fawn,Bellas,1963-12-26
Nathalie,Bengough,1977-08-16
Cristal,Oulet,1975-04-23
Curcio,Spinella,1978-01-08
Sandy,Yellop,1980-05-01
Brantley,Jacquemard,1967-12-18
Isabel,Laydon,1956-10-02
Leann,Stuchbury,1961-09-17
Callida,Naulls,1988-08-22
Steffane,Goodwins,1963-05-16
Davin,Fadden,1969-12-24
Sarette,Domesday,1972-07-27
Hollie,Abbitt,1961-09-14
Saudra,Meininking,1987-09-17
Janos,Greenhow,1956-11-07
Jamal,Collister,1950-03-28
Mab,Twaits,1988-05-19
Aubrey,Guerrier,1952-08-24
Hannie,Pallent,1988-11-22
Nicoline,Lathleiff,1989-12-03
Phillip,O'Keaveny,1961-07-27
Hymie,Bardwell,1956-07-12
Hermy,Marc,1960-03-23
Arri,Jerram,1954-09-12
Libbi,Simounet,1985-11-09
Sander,Legon,1959-06-26
Koenraad,Sleany,1986-06-26
Thaddus,Rowswell,1951-10-12
Madonna,Pauli,1972-05-01
Shani,Safont,1953-09-16
Farrell,Crafts,1971-06-03
Maud,Coils,1985-11-12
Leo,Hirsch,1967-01-10
Darrick,Tinkham,1963-11-23
Gerladina,Lindenfeld,1988-03-03
Lyda,Worpole,1968-03-22
Lexie,Mesnard,1955-05-13
Hymie,Roubottom,1990-04-15
Jarrod,Artharg,1989-11-28
Ev,Crapper,1975-11-02
Lenard,Emmanuele,1981-01-21
Nona,Vickerman,1961-03-24
Bobine,Dinning,1983-08-11
Charmane,Addionizio,1988-11-20
Silvia,Bromige,1959-01-01
Dieter,Scally,1972-11-02
Aprilette,Theurer,1982-07-18
Abner,Pettiford,1967-04-30
Maxine,Scones,1971-11-19
Tymon,Venable,1953-06-09
Townie,Bradden,1980-10-04
Wenonah,Senyard,1960-06-07
Debera,Schutter,1977-06-18
Arturo,Richten,1990-01-15
Andres,Turone,1969-04-21
Cacilia,Lettley,1968-12-14
Husein,Bensley,1982-09-15
Carrie,Crebo,1984-05-10
Carie,Jobbing,1959-05-23
Gene,Sturgess,1952-11-02
Noelani,Aspinal,1955-05-23
Rad,Pegler,1979-10-29
Far,Maria,1988-10-16
Arlene,Postles,1965-12-25
Hephzibah,Lockhurst,1979-07-23
Dominga,Flood,1952-08-12
Eugenia,Matiebe,1981-11-09
Corrianne,Icke,1953-07-17
Hillary,Bielby,1950-12-14
Denna,Leafe,1978-03-12
Alexandre,Kruszelnicki,1959-02-25
Gwendolin,Beaumont,1977-09-16
Cherlyn,Benian,1967-04-23
Verena,Allanby,1962-05-08
Demetris,Walesa,1979-02-09
Free,Ruddiforth,1950-04-10
Florida,Varian,1974-03-11
Ashleigh,Nowakowski,1950-12-15
Locke,Maffetti,1973-02-12
Melly,Bleibaum,1955-11-12
Ricki,Tidmarsh,1966-05-09
Gizela,Entwhistle,1959-02-13
Ronnie,Widdowson,1985-05-04
Petronilla,Scoffham,1959-12-18
Mirabella,Dunphy,1970-12-31
Ulrick,Skeemer,1966-11-25
Edee,Slyne,1979-12-04
Reinwald,Langlais,1978-10-16
Tani,Tabram,1978-04-26
Freeland,Krahl,1951-08-01
Michel,Tungay,1951-10-27
Harris,Comelli,1960-08-30
Gay,De Metz,1985-02-19
Thayne,Bourdon,1955-10-28
Laura,Ellis,1951-05-17
Husain,Folan,1963-05-10
Conrad,Sprankling,1950-08-13
Arni,Jobin,1986-02-04
Katheryn,Addis,1954-04-11
Tod,Conradsen,1976-06-07
Moritz,Testo,1971-12-18
Ashlie,Lucien,1960-05-11
Bucky,Carnduff,1975-06-23
Dell,Zielinski,1950-12-14
Fleurette,Georgelin,1956-01-16
Hussein,Headey,1970-08-20
Yolanda,Pepin,1970-01-04
Loleta,MacArdle,1962-10-02
Prudence,Spadelli,1978-02-20
Eddi,Revelle,1952-12-29
Byram,Oxbrough,1970-04-27
Shandee,Mallall,1967-12-13
Lorettalorna,Gillies,1977-05-17
Heinrick,Mallows,1955-09-04
Melodie,Scoular,1980-09-15
Kelli,Baxill,1978-04-04
Rosemaria,Wynrehame,1959-01-01
Bertie,Easey,1971-03-14
Aeriel,Byk,1950-07-19
Milissent,Doggett,1971-04-06
Renate,Asbery,1974-08-26
Mattie,Jailler,1957-10-28
Aguistin,Hirschmann,1973-12-29
Salmon,Clarkson,1983-11-22
Berta,Joris,1976-09-30
Amalie,Tick,1986-06-11
Chilton,Callander,1951-01-26
Zelig,Meader,1979-07-04
Clayborne,Overstone,1972-05-15
Benetta,Smurfitt,1964-05-02
Emmaline,Eve,1977-07-07
Windham,Lorkings,1978-04-21
Jaquenette,Gosker,1950-05-01
Tom,Eschalette,1977-03-29
Dell,Lawles,1956-08-11
Gifford,McBratney,1955-06-20
Sandy,Allinson,1953-04-26
Minny,Wildes,1975-07-19
Tiebout,Firmin,1962-03-21
Dottie,Brantl,1967-08-15
Eula,Bastiman,1960-06-16
Pam,Roderigo,1985-09-23
Melisenda,Grimm,1971-12-23
Bobine,Raoux,1957-04-28
Ramon,Somerton,1970-02-06
Tully,Airlie,1962-03-10
Chrotoem,Zecchinii,1962-09-26
Lalo,Ianitti,1983-08-28
Theo,Beard,1976-04-24
Paton,Cunniff,1954-01-28
Ilyse,Hearn,1970-10-29
Eleen,Saines,1951-05-27
Terrie,MacNeish,1966-08-18
Sander,Kiera,1962-04-28
Fonsie,Lembcke,1974-06-29
Feliks,Van Haeften,1985-06-10
Bennie,Mcmanaman,1952-08-18
Karoly,Nunns,1983-04-04
Katine,Vearncombe,1960-12-02
Lauretta,Morsey,1988-03-10
Isac,Peaker,1980-11-21
Joey,Dannatt,1958-08-14
Vikki,Domerc,1980-07-25
Berkley,Dressel,1972-05-19
Bobbee,Seedhouse,1951-05-16
Matty,Ulyet,1984-06-22
Shannon,Irce,1990-04-05
Benni,Blonfield,1985-10-11
Joel,Bauduin,1975-02-12
Jerry,Alven,1953-12-30
Demetrius,Preston,1952-12-26
Sydney,Halliday,1979-05-28
Culver,Simony,1988-10-25
Mersey,Durn,1969-07-29
Milicent,Jandac,1983-08-03
Ulick,Cranmore,1955-05-19
Ailee,Morritt,1969-05-02
Aimil,Vickery,1965-12-03
Archibald,Skaid,1968-10-28
Reade,Obell,1950-09-05
Bobbie,Worcester,1989-02-12
Aaren,Hattigan,1953-11-24
Rozalie,Poel,1983-10-17
Chelsie,Kidgell,1959-03-24
Thomasina,Ellesmere,1978-10-02
Francoise,Longhirst,1951-07-19
Danila,Tother,1984-07-20
Ania,Shildrake,1956-08-27
Belvia,Furse,1954-02-22
Tonya,Ranger,1952-12-26
Vinny,Gumey,1964-10-14
Mycah,Cail,1988-11-06
Dore,Bacher,1979-04-06
Cly,Yarmouth,1965-10-21
Mead,Gayler,1987-05-03
Dell,Balassa,1971-11-09
Byran,Becks,1988-02-21
Daphna,Bisterfeld,1982-09-26
Marsha,Reucastle,1963-10-09
Tilda,O'Mara,1956-01-14
Dasha,Mintoft,1964-11-09
Frazer,Silcox,1968-06-04
Gris,Drummer,1968-03-19
Drucy,Dorber,1980-04-21
Letisha,Aindrais,1958-05-08
Terrye,Deware,1957-02-15
Thaddus,Bertenshaw,1989-06-02
Janessa,Vaun,1981-11-10
Jennette,Clarke,1956-10-24
Bonni,Pocknoll,1988-08-05
Lynette,Pickervance,1982-10-20
Burt,Schober,1983-07-02
Christoper,Hasely,1990-03-09
Hedwig,O' Connell,1977-11-08
Lenore,Yarnley,1981-06-10
Benedicto,Dyment,1987-07-07
